-- phpMyAdmin SQL Dump
-- version 5.0.4
-- https://www.phpmyadmin.net/
--
-- Máy chủ: 127.0.0.1
-- Thời gian đã tạo: Th5 19, 2022 lúc 10:47 AM
-- Phiên bản máy phục vụ: 10.4.17-MariaDB
-- Phiên bản PHP: 7.3.26

SET SQL_MODE = "NO_AUTO_VALUE_ON_ZERO";
START TRANSACTION;
SET time_zone = "+00:00";


/*!40101 SET @OLD_CHARACTER_SET_CLIENT=@@CHARACTER_SET_CLIENT */;
/*!40101 SET @OLD_CHARACTER_SET_RESULTS=@@CHARACTER_SET_RESULTS */;
/*!40101 SET @OLD_COLLATION_CONNECTION=@@COLLATION_CONNECTION */;
/*!40101 SET NAMES utf8mb4 */;

--
-- Cơ sở dữ liệu: `php41_project_news`
--

-- --------------------------------------------------------

--
-- Cấu trúc bảng cho bảng `tbl_category`
--

CREATE TABLE `tbl_category` (
  `id` int(11) NOT NULL,
  `name` varchar(500) NOT NULL
) ENGINE=InnoDB DEFAULT CHARSET=utf8;

--
-- Đang đổ dữ liệu cho bảng `tbl_category`
--

INSERT INTO `tbl_category` (`id`, `name`) VALUES
(1, 'Giáo dục'),
(2, 'Xã hội'),
(5, 'An ninh'),
(13, 'bong da'),
(14, 'Tin tức');

-- --------------------------------------------------------

--
-- Cấu trúc bảng cho bảng `tbl_news`
--

CREATE TABLE `tbl_news` (
  `id` int(11) NOT NULL,
  `name` varchar(500) NOT NULL,
  `category_id` int(11) NOT NULL,
  `description` text NOT NULL,
  `content` text NOT NULL,
  `hotnews` int(1) NOT NULL,
  `img` varchar(500) NOT NULL
) ENGINE=InnoDB DEFAULT CHARSET=utf8;

--
-- Đang đổ dữ liệu cho bảng `tbl_news`
--

INSERT INTO `tbl_news` (`id`, `name`, `category_id`, `description`, `content`, `hotnews`, `img`) VALUES
(1, '15 sự thật thú vị về đồng tiền ảo Bitcoin có thể bạn chưa biết', 14, '<p>Mặc d&ugrave; đang chứng kiến đ&agrave; tăng cao nhất kể từ th&aacute;ng 11/2017, song nhiều chuy&ecirc;n gia nhận định vẫn c&ograve;n qu&aacute; sớm để kết luận rằng Bitcoin l&agrave; một nơi tr&uacute; ẩn an to&agrave;n, trong bối cảnh thị trường tiền ảo vẫn tiềm ẩn nhiều rủi ro v&agrave; c&oacute; biến động gi&aacute; lớn.</p>\r\n', '<p>Dưới đ&acirc;y l&agrave; 15 sự thật th&uacute; vị, nhưng cũng đầy bất ngờ về đồng tiền ảo Bitcoin m&agrave; c&oacute; thể bạn chưa từng hay biết.</p>\r\n\r\n<p>1.&nbsp;Người s&aacute;ng lập Bitcoin cho tới ng&agrave;y nay vẫn ho&agrave;n to&agrave;n l&agrave; một ẩn số. Mặc d&ugrave; nhiều nguồn tin nhắc đến Satoshi Nakamoto như người đầu ti&ecirc;n đặt ra kh&aacute;i niệm Bitcoin v&agrave; tiền ảo, nhưng Satoshi l&agrave; ai th&igrave; kh&ocirc;ng một ai hay biết. Gần đ&acirc;y, một số bằng chứng lại chỉ ra rằng Bitcoin c&oacute; thể do một tội phạm người Zimbabwe c&oacute; t&ecirc;n l&agrave; Paul Le Roux tạo n&ecirc;n.</p>\r\n\r\n<p><img alt=\"15 sự thật thú vị về đồng tiền ảo Bitcoin có thể bạn chưa biết - 1\" src=\"https://icdn.dantri.com.vn/2019/06/05/bf-97620-d-1-d-7-a-48789-bc-256956-cbe-0-a-16-1559707991358.jpeg\" title=\"15 sự thật thú vị về đồng tiền ảo Bitcoin có thể bạn chưa biết - 1\" /></p>\r\n\r\n<p>Người s&aacute;ng lập Bitcoin l&agrave; ai, cho tới ng&agrave;y nay vẫn ho&agrave;n to&agrave;n l&agrave; một ẩn số.</p>\r\n\r\n<p>2. Bitcoin phải nhiều th&aacute;ng mới xuất hiện sau c&ocirc;ng bố của người đ&agrave;n &ocirc;ng b&iacute; ẩn mang m&atilde; danh Satoshi về một kh&aacute;i niệm trao đổi đồng tiền m&atilde; ho&aacute; theo phương thức p2p.</p>\r\n\r\n<p>3. Bản ghi đầu ti&ecirc;n của một giao dịch bằng Bitcoin đ&oacute; l&agrave; khi Satoshi gửi cho Hal Finney - một th&agrave;nh vi&ecirc;n &ldquo;đời đầu&rdquo;, số tiền ảo mệnh gi&aacute; 100 BTC.</p>\r\n\r\n<p>4. Giao dịch bằng Bitcoin đổi lấy h&agrave;ng ho&aacute; được thực hiện lần đầu ti&ecirc;n v&agrave;o năm 2010, khi hai b&ecirc;n mua - b&aacute;n gặp nhau trực tiếp v&agrave; đạt được thoả thuận giao dịch.</p>\r\n\r\n<p>5. Giao dịch n&oacute;i tr&ecirc;n bao gồm việc mua 2 chiếc b&aacute;nh pizza với gi&aacute; trị tổng cộng 10.000 BTC.</p>\r\n\r\n<p>6. Nếu quy đổi theo mệnh gi&aacute; Bitcoin ng&agrave;y nay, 2 chiếc pizza được nhắc đến sẽ c&oacute; gi&aacute; trị tương đương 62 triệu đ&ocirc; la Mỹ.</p>\r\n\r\n<p><img alt=\"15 sự thật thú vị về đồng tiền ảo Bitcoin có thể bạn chưa biết - 2\" src=\"https://icdn.dantri.com.vn/2019/06/05/1-fbfa-8838-dc-1406-aacc-4175823-b-857-c-7-1559708082499.jpeg\" title=\"15 sự thật thú vị về đồng tiền ảo Bitcoin có thể bạn chưa biết - 2\" /></p>\r\n\r\n<p>Giao dịch đầu ti&ecirc;n được thực hiện bằng Bitcoin đ&oacute; l&agrave; mua 2 chiếc b&aacute;nh pizza.</p>\r\n\r\n<p>7. Bitcoin v&agrave; c&aacute;c đồng tiền ảo kh&aacute;c kh&ocirc;ng thể được thay đổi hoặc thao t&uacute;ng bởi một tổ chức hợp ph&aacute;p n&agrave;o, ngay cả khi đ&oacute; l&agrave; ch&iacute;nh phủ. Cũng kh&ocirc;ng c&oacute; ai nắm được đ&agrave; tăng hay giảm của Bitcoin.</p>\r\n\r\n<p>8. Bitcoin được chứa trong một thứ gọi l&agrave; &ldquo;v&iacute; tiền ảo&rdquo;, nơi m&agrave; tất cả t&agrave;i sản của người chơi sẽ được lưu trữ an to&agrave;n dưới dạng số ho&aacute;.</p>\r\n\r\n<p>9. Khối chuỗi (blockchain) l&agrave; c&ocirc;ng nghệ đứng sau Bitcoin, cho ph&eacute;p n&oacute; ghi lại to&agrave;n bộ c&aacute;c giao dịch v&agrave; thanh to&aacute;n bằng đồng tiền ảo n&agrave;y.</p>\r\n\r\n<p>10. Tất cả giao dịch Bitcoin v&agrave; d&ograve;ng tiền của n&oacute; đều c&oacute; thể được truy cập v&agrave; nh&igrave;n thấy bởi những người tham gia. Tuy nhi&ecirc;n danh t&iacute;nh của của người chơi lại được giữ k&iacute;n ho&agrave;n to&agrave;n.</p>\r\n\r\n<p>11. Linh vật kh&ocirc;ng ch&iacute;nh thức của Bitcoin l&agrave; một con lửng mật m&agrave;u cam.</p>\r\n\r\n<p><img alt=\"15 sự thật thú vị về đồng tiền ảo Bitcoin có thể bạn chưa biết - 3\" src=\"https://icdn.dantri.com.vn/2019/06/05/9827221-bbf-9-e-4996-aff-45-f-7-e-621-d-4-a-89-1559708128237.jpeg\" title=\"15 sự thật thú vị về đồng tiền ảo Bitcoin có thể bạn chưa biết - 3\" /></p>\r\n\r\n<p>Linh vật kh&ocirc;ng ch&iacute;nh thức của Bitcoin c&agrave;ng l&agrave;m tăng th&ecirc;m t&iacute;nh &ldquo;qu&aacute;i dị&rdquo; v&agrave; b&iacute; ẩn của đồng tiền n&agrave;y.</p>\r\n\r\n<p>12. Trường đại học đầu ti&ecirc;n chấp nhận Bitcoin như một đơn vị thanh to&aacute;n l&agrave; trường Nicosia, thuộc nước Cộng ho&agrave; S&iacute;p.</p>\r\n\r\n<p>13.&nbsp;M&aacute;y ATM d&ugrave;ng Bitcoin được sử dụng tại rất nhiều quốc gia, trong đ&oacute; c&oacute; cả Việt Nam, khiến cho c&aacute;c giao dịch trở n&ecirc;n dễ d&agrave;ng, thuận tiện.</p>\r\n\r\n<p><img alt=\"15 sự thật thú vị về đồng tiền ảo Bitcoin có thể bạn chưa biết - 4\" src=\"https://icdn.dantri.com.vn/2019/06/05/24-f-17-cc-50-eb-149-fba-078958-f-18-cfca-09-1559708239052.jpeg\" title=\"15 sự thật thú vị về đồng tiền ảo Bitcoin có thể bạn chưa biết - 4\" /></p>\r\n\r\n<p>14. Bitcoin kh&ocirc;ng bị đ&aacute;nh thuế ở Thuỵ Sĩ, trong khi đ&oacute; lại được coi l&agrave; đồng tiền bất hợp ph&aacute;p ở M&ocirc;ng Cổ, Ả Rập Saudi, Băng-la-đ&eacute;t, Nepal, Ma-rốc, Ecuador. Tại Việt Nam, khai th&aacute;c v&agrave; giao dịch Bitcoin cũng được xem l&agrave; kh&ocirc;ng nằm trong ph&aacute;p luật.</p>\r\n\r\n<p>15. Bất chấp nhiều b&iacute; ẩn v&agrave; c&aacute;c hoạt động tội phạm đằng sau Bitcoin, nhưng n&oacute; được xem một hệ thống giao dịch tiền điện tử ti&ecirc;n tiến, ổn định, v&agrave; định h&igrave;nh cho c&aacute;c xu thế trong tương lai.</p>\r\n\r\n<p><strong>Nguyễn Nguyễn</strong></p>\r\n', 1, '16529287731.5.jpg'),
(2, 'Thiết bị nhà thông minh Google Home lại giảm giá ', 14, '<p>Trong th&aacute;ng 5 năm nay, thị trường thiết bị cho nh&agrave; th&ocirc;ng minh bỗng dưng s&ocirc;i động khi Google Assistant bất ngờ được hỗ trợ tiếng Việt tại Việt Nam. Việc Google mang&nbsp;Assistant tiếng Việt về Việt Nam d&agrave;nh cho smartphone khiến cho nhiều người kỳ vọng n&oacute; sẽ c&oacute; mặt sớm tr&ecirc;n c&aacute;c thiết bị Google Home để gi&uacute;p điều khiển căn nh&agrave; bằng tiếng mẹ đẻ.&nbsp;</p>\r\n', '<p>Thậm ch&iacute;, trong th&aacute;ng 5 vừa qua c&oacute; nhiều người d&ugrave;ng Google Home cũng đăng tải một số clip về việc thiết bị của họ bất ngờ c&oacute; tiếng Việt nhưng chỉ v&agrave;i c&acirc;u th&ocirc;ng dụng. Điều n&agrave;y c&agrave;ng dấy l&ecirc;n niềm tin rằng, Google Home sẽ nhận được bản cập nhật Assistant tiếng Việt rất sớm.&nbsp;</p>\r\n\r\n<p><img alt=\"Thiết bị nhà thông minh Google Home lại giảm giá chờ đợi trợ lý tiếng Việt - 1\" src=\"https://icdn.dantri.com.vn/thumb_w/640/2019/05/06/google-home-mini-1557118615282.jpg\" title=\"Thiết bị nhà thông minh Google Home lại giảm giá chờ đợi trợ lý tiếng Việt - 1\" /></p>\r\n\r\n<p>Một hệ thống kinh doanh thiết bị nh&agrave; th&ocirc;ng minh cho biết, gần đ&acirc;y c&aacute;c thiết bị Google Home bất ngờ b&aacute;n kh&aacute; chạy, đặc biệt l&agrave; Google Home mini c&oacute; gi&aacute; v&agrave;o khoảng 1,1 triệu đồng. Tuy nhi&ecirc;n, đến thời điểm n&agrave;y, gi&aacute; Google Home mini đang sụt giảm mạnh.</p>\r\n\r\n<p>Cụ thể, gi&aacute; b&aacute;n Google Home mini hiện ch&agrave;o b&aacute;n ở mức 900 ng&agrave;n đến 1 triệu đồng. Thậm ch&iacute; c&oacute; cửa h&agrave;ng chỉ b&aacute;n ở mức 850 ng&agrave;n đồng. Tức mức giảm dao động từ 200-300 ng&agrave;n đồng.&nbsp;</p>\r\n\r\n<p>Ri&ecirc;ng phi&ecirc;n bản Google Home Hub, nhiều hệ thống đang xả h&agrave;ng từ mức 5,5 triệu đồng, hiện chỉ c&ograve;n 3,5 triệu đồng v&agrave; c&oacute; cửa h&agrave;ng chỉ b&aacute;n ở mức 3 triệu đồng.&nbsp;</p>\r\n\r\n<p>L&yacute; giải cho việc giảm gi&aacute; mạnh, đại diện hệ thống tr&ecirc;n cho biết, t&iacute;nh năng trợ l&yacute; ảo bằng giọng n&oacute;i tiếng Việt của Google vẫn chưa được ph&aacute;t h&agrave;nh, k&eacute;o theo sức mua giảm v&agrave; dần người d&ugrave;ng kh&ocirc;ng c&ograve;n quan t&acirc;m nhiều thiết bị n&agrave;y. Đặc biệt nhiều hệ thống nhập h&agrave;ng về qu&aacute; nhiều v&igrave; nghĩ rằng sắp c&oacute; tiếng Việt n&ecirc;n phải giảm gi&aacute; xả h&agrave;ng, lấy tiền mua nguồn h&agrave;ng kh&aacute;c.&nbsp;</p>\r\n\r\n<p>Hiện tại Google chưa c&ocirc;ng bố lộ tr&igrave;nh ph&aacute;t trợ l&yacute; ảo tiếng Việt cho nền tảng Google Home.&nbsp;Tuy nhi&ecirc;n, c&aacute;c nguồn tin cho rằng, qu&yacute; III mới l&agrave; thời điểm sẵn s&agrave;ng cho t&iacute;nh năng n&agrave;y tại Việt Nam. &quot;Thị trường thiết bị th&ocirc;ng minh sẽ ph&aacute;t triển nhanh trở lại khi Google Home được hỗ trợ tiếng Việt&quot;, đại diện hệ thống tr&ecirc;n chia sẻ.&nbsp;</p>\r\n\r\n<p>Trước đ&oacute;,&nbsp;Google đ&atilde; cho ra mắt Google Assistant hỗ trợ tiếng Việt tại Việt Nam. T&iacute;nh năng n&agrave;y chỉ d&agrave;nh cho c&aacute;c thiết bị di động Android v&agrave; iOS, cho ph&eacute;p người d&ugrave;ng ra lệnh bằng giọng n&oacute;i để thực hiện c&aacute;c t&aacute;c vụ như gọi điện, nhắc lịch, b&aacute;o thức hay hỏi đ&aacute;p c&aacute;c th&ocirc;ng tin bằng ch&iacute;nh tiếng mẹ đẻ.</p>\r\n\r\n<p><strong>Gia Hưng</strong></p>\r\n', 1, '16529285401.3.jpg'),
(3, 'Lộ cấu hình chi tiết Galaxy Note10, sở hữu bộ nhớ RAM lên đến 12GB', 14, '<p>(D&acirc;n tr&iacute;)&nbsp;- Th&ocirc;ng tin chi tiết về cấu h&igrave;nh của Galaxy Note10 vừa bị r&ograve; rỉ, cho thấy sản phẩm sẽ c&oacute; đến 4 phi&ecirc;n bản kh&aacute;c nhau, trong đ&oacute; phi&ecirc;n bản cao cấp nhất sẽ sở hữu bộ nhớ RAM l&ecirc;n đến 12GB.</p>\r\n', '<p>Samsung vẫn c&oacute; th&oacute;i quen n&acirc;ng cấp cấu h&igrave;nh cho c&aacute;c mẫu smartphone cao cấp của m&igrave;nh, do vậy kh&ocirc;ng qu&aacute; ngạc nhi&ecirc;n khi chiếc smartphone Galaxy Note10 sắp ra mắt của h&atilde;ng cũng sẽ được trang bị một cấu h&igrave;nh mạnh mẽ.</p>\r\n\r\n<p>Theo th&ocirc;ng tin vừa bị r&ograve; rỉ tr&ecirc;n Geekbench, ứng dụng chuy&ecirc;n được sử dụng để chấm điểm hiệu suất hoạt động của smartphone chạy Andorid th&igrave; Samsung vừa sử dụng Geekbench để chấm điểm một mẫu smartphone mới của h&atilde;ng, m&agrave; nhiều khả năng đ&acirc;y ch&iacute;nh l&agrave; Galaxy Note10.</p>\r\n\r\n<p>Th&ocirc;ng tin từ Geekbench cho thấy Galaxy Note10 sẽ c&oacute; đến 4 phi&ecirc;n bản kh&aacute;c nhau, mang t&ecirc;n m&atilde; lần lượt SM-N970, SM-N971, SM-N975 v&agrave; SM-N976. Theo trang c&ocirc;ng nghệ&nbsp;<em>SamMobile</em>, dẫn lời c&aacute;c nguồn tin th&acirc;n cận từ Samsung th&igrave; bộ đ&ocirc;i SM-N971 v&agrave; SM-N976 l&agrave; t&ecirc;n m&atilde; cho 2 phi&ecirc;n bản cao cấp Galaxy Note10+ (hoặc Galaxy Note10 Pro), trong khi đ&oacute; 2 sản phẩm mang t&ecirc;n m&atilde; SM-N970 v&agrave; SM-N975 sẽ l&agrave; t&ecirc;n m&atilde; cho 2 phi&ecirc;n bản Galaxy Note10. Trong đ&oacute; sẽ c&oacute; 2 phi&ecirc;n bản sử dụng chip Snapdragon của Qualcomm (d&agrave;nh cho thị trường Mỹ) v&agrave; 2 phi&ecirc;n bản sử dụng chip Exynos do Samsung ph&aacute;t triển (d&agrave;nh cho c&aacute;c thị trường kh&aacute;c).</p>\r\n\r\n<p><img alt=\"Lộ cấu hình chi tiết Galaxy Note10, sở hữu bộ nhớ RAM lên đến 12GB - 1\" src=\"https://icdn.dantri.com.vn/thumb_w/640/2019/06/05/galaxy-note-101-1559704203883.jpg\" title=\"Lộ cấu hình chi tiết Galaxy Note10, sở hữu bộ nhớ RAM lên đến 12GB - 1\" /></p>\r\n\r\n<p>Th&ocirc;ng tin cấu h&igrave;nh phi&ecirc;n bản SM-N976V với bộ nhớ RAM 12GB</p>\r\n\r\n<p>Từ th&ocirc;ng tin tr&ecirc;n ứng dụng Geekbench cho thấy phi&ecirc;n bản mang t&ecirc;n m&atilde; SM-N976V sẽ được trang bị bộ nhớ RAM l&ecirc;n đến 12GB, k&egrave;m theo bộ vi xử l&yacute; 8 l&otilde;i của Qualcomm, m&agrave; nhiều khả năng sẽ l&agrave; phi&ecirc;n bản Snapdragon 855 cao cấp nhất của Qualcomm. Điểm hiệu suất của vi xử l&yacute; tr&ecirc;n phi&ecirc;n bản n&agrave;y cũng vượt trội so với c&aacute;c mẫu smartphone kh&aacute;c hiện nay tr&ecirc;n thị trường như Galaxy S10+, Huawei Mate 20 Pro...</p>\r\n\r\n<p>B&ecirc;n cạnh đ&oacute;, phi&ecirc;n bản kh&aacute;c mang t&ecirc;n m&atilde; SM-N976B lại được trang bị bộ nhớ RAM &ldquo;chỉ&rdquo; 8GB, đi k&egrave;m bộ vi xử l&yacute; nhiều khả năng l&agrave; Exynos 9825 với 8 l&otilde;i. Điểm hiệu suất của bộ vi xử l&yacute; n&agrave;y kh&ocirc;ng thực sự ấn tượng v&agrave; thua k&eacute;m kh&aacute; nhiều so với phi&ecirc;n bản mang t&ecirc;n m&atilde; SM-N976V.</p>\r\n\r\n<p><img alt=\"Lộ cấu hình chi tiết Galaxy Note10, sở hữu bộ nhớ RAM lên đến 12GB - 2\" src=\"https://icdn.dantri.com.vn/thumb_w/640/2019/06/05/galaxy-note-102-1559704203954.jpg\" title=\"Lộ cấu hình chi tiết Galaxy Note10, sở hữu bộ nhớ RAM lên đến 12GB - 2\" /></p>\r\n\r\n<p>Phi&ecirc;n bản mang t&ecirc;n m&atilde; SM-N976B sở hữu bộ nhớ RAM 8GB</p>\r\n\r\n<p>Trước đ&oacute;, tờ b&aacute;o&nbsp;<em>TheBell</em>&nbsp;(H&agrave;n Quốc), dẫn lời nguồn tin từ một đối t&aacute;c lắp r&aacute;p sản phẩm cho Samsung, tiết lộ Galaxy Note10 sẽ l&agrave; phi&ecirc;n bản Galaxy Note đầu ti&ecirc;n m&agrave; Samsung cho ra mắt đến 2 biến thể kh&aacute;c nhau, với t&ecirc;n gọi lần lượt l&agrave; Galaxy Note10 v&agrave; Galaxy Note10+ (tương tự như t&ecirc;n gọi của d&ograve;ng Galaxy S).</p>\r\n\r\n<p>Samsung thường vẫn chỉ ra mắt một phi&ecirc;n bản Galaxy Note với t&ugrave;y chọn kh&aacute;c nhau về bộ nhớ RAM v&agrave; bộ nhớ lưu trữ, tuy nhi&ecirc;n với Galaxy Note10 sẽ l&agrave; 2 phi&ecirc;n bản kh&aacute;c biệt về t&ecirc;n gọi, cấu h&igrave;nh cũng như k&iacute;ch thước.</p>\r\n\r\n<p>Nguồn tin kể tr&ecirc;n cho biết sự kh&aacute;c biệt lớn nhất giữa 2 phi&ecirc;n bản n&agrave;y đ&oacute; l&agrave; Galaxy Note10 sẽ sở hữu m&agrave;n h&igrave;nh 6,4-inch, c&ograve;n phi&ecirc;n bản Galaxy Note10+ sẽ c&oacute; k&iacute;ch thước lớn hơn với m&agrave;n h&igrave;nh 6,7-inch. Cấu h&igrave;nh b&ecirc;n trong của 2 sản phẩm cũng c&oacute; sự kh&aacute;c biệt khi Galaxy Note10 nhiều khả năng sẽ được trang bị chip xử l&yacute; Exynos 9820 (tương tự như tr&ecirc;n Galaxy S10), nhưng phi&ecirc;n bản Galaxy Note10+ sẽ sở hữu chip xử l&yacute; Exynos 9825, l&agrave; phi&ecirc;n bản biến thể của Exynos 9820 cho hiệu suất nhỉnh hơn v&agrave; tiết kiệm năng lượng hơn.</p>\r\n\r\n<p>Nếu vẫn giữ truyền thống ra mắt như c&aacute;c phi&ecirc;n bản Galaxy Note gần đ&acirc;y th&igrave; Samsung sẽ giới thiệu chiếc smartphone cao cấp thế hệ mới của m&igrave;nh v&agrave;o th&aacute;ng 8 tới đ&acirc;y.</p>\r\n\r\n<p><strong>T.Thủy</strong></p>\r\n', 1, '16529285001.2.jpg'),
(4, 'Bỏ ra 5.000 USD để mua màn hình máy tính Apple nhưng vẫn chưa đủ', 14, '<p>(D&acirc;n tr&iacute;)&nbsp;- Apple đ&atilde; giới thiệu m&agrave;n h&igrave;nh m&aacute;y t&iacute;nh Pro Display XDR tại Hội nghị C&aacute;c nh&agrave; ph&aacute;t triển Thế giới (WWDC) đang diễn ra, với mức gi&aacute; b&aacute;n l&ecirc;n đến 5.000USD, c&ugrave;ng những t&iacute;nh năng nổi bật. Tuy nhi&ecirc;n, điểm đ&aacute;ng ch&uacute; &yacute; nhất của m&agrave;n h&igrave;nh n&agrave;y đ&oacute; l&agrave; kh&ocirc;ng c&oacute; sẵn... ch&acirc;n đế v&agrave; muốn sử dụng, người d&ugrave;ng sẽ phải mua th&ecirc;m gi&aacute; đỡ cho sản phẩm với gi&aacute; 999USD.</p>\r\n', '<p>Tại WWDC đang diễn ra, CEO Tim Cook của Apple đ&atilde; giới thiệu chiếc m&aacute;y t&iacute;nh Mac Pro thế hệ mới nhất của Apple, với cấu h&igrave;nh cực &ldquo;khủng&rdquo;, bao gồm bộ xử l&yacute; Intel Xeon thế hệ mới c&oacute; tới 28 l&otilde;i, bộ nhớ RAM l&ecirc;n đến 1,5TB c&ugrave;ng c&ocirc;ng suất l&ecirc;n tới 300W v&agrave; sở hữu hệ thống tản nhiệt c&ocirc;ng nghiệp mạnh mẽ. Điều n&agrave;y cho ph&eacute;p n&oacute; c&oacute; thể chạy kh&ocirc;ng giới hạn ở c&ocirc;ng suất tối đa trong mọi l&uacute;c.</p>\r\n\r\n<p>Dĩ nhi&ecirc;n, đi k&egrave;m cấu h&igrave;nh mạnh mẽ n&agrave;y l&agrave; một mức gi&aacute; kh&ocirc;ng hề rẻ ch&uacute;t n&agrave;o, khi Mac Pro c&oacute; mức gi&aacute; l&ecirc;n đến 5.999USD (140,3 triệu đồng).</p>\r\n\r\n<p><img alt=\"Bỏ ra 5.000 USD để mua màn hình máy tính Apple nhưng vẫn chưa đủ - 1\" src=\"https://icdn.dantri.com.vn/thumb_w/640/2019/06/05/pro-standav-1559707307402.jpg\" title=\"Bỏ ra 5.000 USD để mua màn hình máy tính Apple nhưng vẫn chưa đủ - 1\" /></p>\r\n\r\n<p>M&agrave;n h&igrave;nh m&aacute;y t&iacute;nh Pro Display XDR c&oacute; gi&aacute; 4.999USD, chưa bao gồm gi&aacute; ch&acirc;n đế</p>\r\n\r\n<p>Mức gi&aacute; 5.999USD chỉ l&agrave; mức gi&aacute; chiếc m&aacute;y t&iacute;nh Mac Pro, nghĩa l&agrave; muốn sử dụng sản phẩm, người d&ugrave;ng cần phải mua th&ecirc;m m&agrave;n h&igrave;nh cho chiếc m&aacute;y t&iacute;nh n&agrave;y. V&agrave; Apple cũng đ&atilde; giới thiệu th&ecirc;m m&agrave;n h&igrave;nh đi k&egrave;m với t&ecirc;n gọi Pro Display XDR. Sản phẩm c&oacute; k&iacute;ch thước 32-inch, độ ph&acirc;n giải 6K, hỗ trợ dải m&agrave;u 10-bit thực sự, độ s&aacute;ng cực đại 1.600 nit, tỷ lệ tương phản 1.000.000:1, g&oacute;c nh&igrave;n si&ecirc;u rộng... Sản phẩm cũng c&oacute; mức gi&aacute; b&aacute;n kh&ocirc;ng hề rẻ, l&ecirc;n đến 4.999USD (tương đương 116 triệu đồng).</p>\r\n\r\n<p><img alt=\"Bỏ ra 5.000 USD để mua màn hình máy tính Apple nhưng vẫn chưa đủ - 2\" src=\"https://icdn.dantri.com.vn/thumb_w/640/2019/06/05/pro-stand-1-1559707306443.jpg\" title=\"Bỏ ra 5.000 USD để mua màn hình máy tính Apple nhưng vẫn chưa đủ - 2\" /></p>\r\n\r\n<p>Phần ch&acirc;n đế d&agrave;nh cho m&agrave;n h&igrave;nh m&aacute;y t&iacute;nh của Apple được b&aacute;n ri&ecirc;ng với gi&aacute;... 999USD</p>\r\n\r\n<p>Tuy nhi&ecirc;n, điều đ&aacute;ng n&oacute;i l&agrave; m&agrave;n h&igrave;nh c&oacute; gi&aacute; cực &ldquo;ch&aacute;t&rdquo; n&agrave;y lại kh&ocirc;ng được b&aacute;n k&egrave;m... ch&acirc;n đế. Nghĩa l&agrave; muốn sử dụng sản phẩm, người d&ugrave;ng sẽ sử dụng... vật g&igrave; đ&oacute; để k&ecirc; m&agrave;n h&igrave;nh l&ecirc;n, hoặc phải bỏ ra để mua th&ecirc;m phụ kiện ch&acirc;n đế hoặc gi&aacute; treo cho m&agrave;n h&igrave;nh n&agrave;y được Apple b&aacute;n ri&ecirc;ng.</p>\r\n\r\n<p>Người d&ugrave;ng c&oacute; thể bỏ ra số tiền... 999USD (tương đương 23 triệu đồng) để mua phần ch&acirc;n đế c&oacute; t&ecirc;n Pro Stand cho m&agrave;n h&igrave;nh sản phẩm, hoặc số tiền 199USD (4,6 triệu đồng) để mua phần m&oacute;c treo c&oacute; t&ecirc;n VESA để gắn m&agrave;n h&igrave;nh l&ecirc;n tường hoặc gi&aacute; treo.</p>\r\n\r\n<p>Với phần ch&acirc;n đế Pro Stand, người d&ugrave;ng c&oacute; thể dễ d&agrave;ng điều chỉnh độ cao của m&agrave;n h&igrave;nh hoặc xoay m&agrave;n h&igrave;nh theo chiều dọc.</p>\r\n\r\n<p><img alt=\"Bỏ ra 5.000 USD để mua màn hình máy tính Apple nhưng vẫn chưa đủ - 3\" src=\"https://icdn.dantri.com.vn/thumb_w/640/2019/06/05/pro-stand-2-1559707313331.gif\" title=\"Bỏ ra 5.000 USD để mua màn hình máy tính Apple nhưng vẫn chưa đủ - 3\" /></p>\r\n\r\n<p>Phần ch&acirc;n đế n&agrave;y gi&uacute;p m&agrave;n h&igrave;nh của Apple c&oacute; thể xoay theo chiều dọc</p>\r\n\r\n<p>Dĩ nhi&ecirc;n số tiền 999USD cho một phần ch&acirc;n đế m&agrave;n h&igrave;nh l&agrave; số tiền kh&ocirc;ng hề nhỏ. Với số tiền n&agrave;y, người d&ugrave;ng vẫn ho&agrave;n to&agrave;n c&oacute; thể mua được một m&agrave;n h&igrave;nh m&aacute;y t&iacute;nh chất lượng cao đến từ những h&atilde;ng c&ocirc;ng nghệ kh&aacute;c. V&agrave; để sử c&oacute; thể sở hữu một chiếc m&aacute;y t&iacute;nh Mac Pro ho&agrave;n chỉnh (bao gồm cả m&aacute;y, m&agrave;n h&igrave;nh v&agrave;... ch&acirc;n đế), người d&ugrave;ng sẽ phải bỏ ra số tiền tổng cộng 11.997USD (chưa bao gồm thuế), một con số kh&ocirc;ng hề nhỏ cho một bộ m&aacute;y t&iacute;nh để b&agrave;n.</p>\r\n\r\n<p>Ngay sau khi giới thiệu ch&acirc;n đế Pro Stand với mức gi&aacute; &ldquo;đi&ecirc;n rồ&rdquo;, Apple đ&atilde; lập tức trở th&agrave;nh chủ đề ch&acirc;m biếm của giới c&ocirc;ng nghệ. Nhiều người đ&atilde; kh&ocirc;ng ngần ngại chỉ tr&iacute;ch Apple &ldquo;h&uacute;t m&aacute;u&rdquo; người d&ugrave;ng một c&aacute;ch th&aacute;i qu&aacute;, khi biến một vật dụng thường chừng như kh&ocirc;ng thể thiếu của một m&agrave;n h&igrave;nh m&aacute;y t&iacute;nh (phần ch&acirc;n đế) trở th&agrave;nh một thứ c&oacute; thể kiếm ra tiền.</p>\r\n\r\n<p>Volume 90%</p>\r\n\r\n<p>Ph&aacute;t</p>\r\n\r\n<p>&nbsp;</p>\r\n\r\n<p>&nbsp;</p>\r\n\r\n<p>Video giới thiệu về Mac Pro, m&agrave;n h&igrave;nh Pro Display XDR v&agrave; ch&acirc;n đế Pro Stand của Apple</p>\r\n\r\n<p><strong>T.Thủy</strong></p>\r\n', 1, '16529284601.1.jpg'),
(16, 'NATO lục đục nội bộ', 14, '<p>Nội bộ NATO bắt đầu xuất hiện những chia rẽ về c&aacute;ch tăng cường triển khai qu&acirc;n ở Đ&ocirc;ng &Acirc;u, cũng như việc kết nạp Phần Lan v&agrave; Thụy Điển.</p>\r\n', '<p>C&aacute;c quốc gia Baltic v&agrave; Ba Lan tiếp tục y&ecirc;u cầu NATO mở rộng đ&aacute;ng kể hiện diện qu&acirc;n sự tr&ecirc;n l&atilde;nh thổ của họ v&agrave; tăng năng lực ph&ograve;ng thủ mới như hệ thống ph&ograve;ng kh&ocirc;ng để răn đe Nga.</p>\r\n\r\n<p>&quot;Kh&ocirc;ng thể loại trừ khả năng Nga ph&aacute;t động một chiến dịch qu&acirc;n sự trực tiếp chống lại c&aacute;c đồng minh NATO&quot;, một đề xuất chung giữa c&aacute;c nước Baltic, gồm Litva, Latvia v&agrave; Estonia, c&oacute; đoạn. &quot;Nga c&oacute; thể nhanh ch&oacute;ng tập trung lực lượng qu&acirc;n sự tại sườn đ&ocirc;ng NATO v&agrave; đối đầu với li&ecirc;n minh bằng một cuộc chiến ngắn hạn&quot;.</p>\r\n\r\n<p>Trong đề xuất, ba nước Baltic n&ecirc;u r&otilde; NATO cần x&acirc;y dựng một lực lượng cỡ sư đo&agrave;n với khoảng 20.000 người, c&oacute; nhiệm vụ nhanh ch&oacute;ng cơ động hỗ trợ c&aacute;c nước n&agrave;y nếu họ bị đe dọa.</p>\r\n', 0, '16529258421.jpg'),
(18, 'U23 Việt Nam đại chiến Malaysia', 13, '<p>HLV Park Hang Seo sẽ có cu&ocirc;̣c đ&acirc;́u trí nảy lửa với HLV Brad Maloney của U23 Malaysia trong tr&acirc;̣n bán k&ecirc;́t SEA Games 31. BLV Quang Huy sẽ chia sẻ góc nhìn v&ecirc;̀ v&acirc;́n đ&ecirc;̀ này trong Talkshow &ldquo;B&igrave;nh luận trước trận U23 Việt Nam &ndash; U23 Malaysia&rdquo;.</p>\r\n', '<p>gười h&acirc;m m&ocirc;̣ đang r&acirc;́t chờ đợi màn trình di&ecirc;̃n mãn nhãn hơn so với vòng bảng của th&acirc;̀y trò HLV Park Hang Seo. U23 Vi&ecirc;̣t Nam v&acirc;̃n khi&ecirc;́n nhi&ecirc;̀u người lo lắng, đặc bi&ecirc;̣t là ở hàng c&ocirc;ng khi mới chỉ ghi được 6 bàn qua 4 tr&acirc;̣n đ&acirc;́u và chưa từng ghi bàn trong hi&ecirc;̣p m&ocirc;̣t tại SEA Games 31. Bình lu&acirc;̣n v&ecirc;̀ l&ocirc;́i chơi mà HLV Park Hang Seo áp dụng cho ĐT U23 Vi&ecirc;̣t Nam, HLV Quang Huy n&ecirc;u quan đi&ecirc;̉m.</p>\r\n\r\n<p>&quot;Bản ch&acirc;́t l&ocirc;́i chơi của HLV Park Hang Seo kh&ocirc;ng phải là l&ocirc;́i chơi tạo n&ecirc;n sự thỏa mãn v&ecirc;̀ thưởng thức. ĐT U23 Vi&ecirc;̣t Nam kh&ocirc;ng có những mi&ecirc;́ng đánh tủ và h&acirc;̀u như chỉ ăn bàn theo tình hu&ocirc;́ng. Tuy nhi&ecirc;n, đ&acirc;y là những tình hu&ocirc;́ng đ&ocirc;́i phương r&acirc;́t khó lường.&nbsp;</p>\r\n\r\n<p>Ví dụ, kh&ocirc;ng m&acirc;́y ai nghĩ rằng cả 2 bàn thắng của U23 Vi&ecirc;̣t Nam vào lưới Timor Leste tới từ những pha đánh đ&acirc;̀u. Người đánh đ&acirc;̀u cũng g&acirc;y b&acirc;́t ngờ khi kh&ocirc;ng phải là Thanh Bình hay Vi&ecirc;̣t Anh mà là 2 ti&ecirc;̀n đạo. H&ocirc;̀ Thanh Minh kh&ocirc;ng có được chi&ecirc;̀u cao t&ocirc;́t nhưng bi&ecirc;́t chọn vị trí đánh đ&acirc;̀u...&quot;.</p>\r\n', 0, '16529289231.6.jpg'),
(19, 'Đội tuyển nữ Việt Nam - Myanmar', 13, '<p>Nội ngược d&ograve;ng chủa đội tuyển Việt Nam d&agrave;nh chiến thắng</p>\r\n', '<p>Khoảng thời gian đầu trận, &quot;Những ng&ocirc;i sao v&agrave;ng&quot; tạo ra sức &eacute;p rất lớn, bất chấp lối chơi rắn r&aacute;t của Myanmar. V&agrave; ở ph&uacute;t 28, c&aacute;c cơ hội của&nbsp;<a href=\"https://www.24h.com.vn/doi-tuyen-nu-vn-giac-mo-world-cup-c48e2728.html\" title=\"ĐT nữ Việt Nam\">ĐT nữ Việt Nam</a>&nbsp;được cụ thể h&oacute;a bằng c&uacute; đ&aacute;nh đầu ngược đẹp mắt mở tỷ số của Huỳnh Như. Người kiến tạo l&agrave; Tuyết Dung với quả đ&aacute; phạt rất vừa tầm. Những ph&uacute;t sau đ&oacute;, ĐT nữ Việt Nam vẫn nắm quyền kiểm so&aacute;t thế trận v&agrave; tạo ra một số cơ hội nữa, tiếc rằng đều kh&ocirc;ng tận dụng được.&nbsp;</p>\r\n\r\n<p>Sau giờ nghỉ, nữ Việt Nam chủ động chơi chậm lại. Nhờ v&agrave;o khả năng cầm b&oacute;ng, phối hợp nhỏ nhuần nhuyễn, c&aacute;c học tr&ograve; của HLV Mai Đức Chung hầu như kiểm so&aacute;t trận đấu, v&ocirc; hiệu h&oacute;a c&aacute;c đường l&ecirc;n b&oacute;ng của đối thủ. Nhờ vậy, khung th&agrave;nh Kim Thanh được bảo vệ đến mức tối đa.</p>\r\n\r\n<p>Chung cuộc, ĐT nữ Việt Nam đ&aacute;nh bại nữ Myanmar 1-0. &quot;Những ng&ocirc;i sao v&agrave;ng&quot; sẽ đối đầu nữ Th&aacute;i Lan ở trận tranh huy chương v&agrave;ng.</p>\r\n', 0, '16529290221.7.jpg'),
(20, 'U23 Thái Lan - U23 Indonesia vào bán kết', 13, '<p>Nhận định b&oacute;ng đ&aacute; U23 Th&aacute;i Lan - U23 Indonesia, 16h, 19/5, b&aacute;n kết m&ocirc;n b&oacute;ng đ&aacute; nam SEA Games 31) L&agrave; những đội sở hữu h&agrave;ng c&ocirc;ng mạnh nhất giải, U23 Th&aacute;i Lan v&agrave; U23 Indonesia hứa hẹn sẽ cống hiến &quot;đại tiệc&quot; b&agrave;n thắng m&atilde;n nh&atilde;n.</p>\r\n', '<p>U23 Th&aacute;i Lan kh&ocirc;ng c&oacute; sự chuẩn bị tốt nhất cho SEA Games. Do giải đấu kh&ocirc;ng thuộc FIFA Days, &quot;Voi chiến&quot; gặp nhiều kh&oacute; khăn trong việc thuyết phục c&aacute;c đội b&oacute;ng nhả người, thậm ch&iacute; phải&nbsp;thay đổi HLV trưởng&nbsp;chỉ 1 th&aacute;ng trước ng&agrave;y khởi tranh (HLV trưởng ĐTQG Mano&nbsp;Polking thay&nbsp;Worrawoot Srimaka).&nbsp;D&ugrave; vậy, t&agrave;i năng của HLV Polking vẫn gi&uacute;p U23 Th&aacute;i Lan lần lượt vượt qua những kh&oacute; khăn để tiến tới b&aacute;n kết.</p>\r\n\r\n<p>Thậm ch&iacute;,&nbsp;họ c&ograve;n&nbsp;so&aacute;n ng&ocirc;i đầu bảng B từ tay U23 Malaysia sau lượt trận cuối (U23 Malaysia bị U23 Campuchia cầm h&ograve;a), qua đ&oacute; tr&aacute;nh đối đầu đương kim v&ocirc; địch&nbsp;U23 Việt Nam.</p>\r\n\r\n<p>Về ph&iacute;a U23 Indonesia, ngoại trừ trận thua U23 Việt Nam, thầy tr&ograve; Shin Tae Yong ph&ocirc; diễn sức mạnh đ&aacute;ng gờm xuy&ecirc;n suốt v&ograve;ng bảng. Phong độ n&agrave;y cũng phản &aacute;nh quyết t&acirc;m gi&agrave;nh tấm huy chương v&agrave;ng của&nbsp;đội tuyển &quot;xứ vạn đảo&quot; từ đầu giải. Họ tổ chức những chuyến tập huấn chất lượng, triệu tập h&agrave;ng loạt ng&ocirc;i sao thi đấu ở nước ngo&agrave;i hoặc từng dự AFF Cup 2020.</p>\r\n', 0, '16529291481.8.jpg'),
(21, 'U23 Việt Nam, U23 Thái Lan gặp thử thách lớn', 13, 'Như vậy là vòng bảng môn bóng đá nam SEA Games 31 đã chính thức khép lại với 4 đội bóng xứng đáng nhất giành quyền đi tiếp vào bán kết, trong đó có U23 Việt Nam.', '<p>eo đ&oacute;, U23 Việt Nam sẽ chạm tr&aacute;n U23 Malaysia ở SVĐ Việt Tr&igrave; (19h, 19/5), c&ograve;n U23 Th&aacute;i Lan sẽ đối đầu U23 Indonesia (16h, 19/5). Đ&acirc;y l&agrave; 2 cặp đấu được coi l&agrave; kh&aacute; đ&aacute;ng xem bởi cả U23 Malaysia cũng như U23 Indonesia đều đ&atilde; cho thấy sự tiến bộ vượt bậc của m&igrave;nh ở v&ograve;ng bảng v&agrave; đ&oacute; sẽ l&agrave; sự đe dọa với tham vọng tiến v&agrave;o chung kết của hai &quot;&ocirc;ng kẹ&quot; Đ&ocirc;ng Nam &Aacute; l&agrave; Việt Nam v&agrave; Th&aacute;i Lan.</p>\r\n\r\n<p>Ở cặp đấu giữa U23 Việt Nam v&agrave; U23 Malaysia, đ&acirc;y chắc chắn sẽ l&agrave; b&agrave;i test cần thiết d&agrave;nh cho ch&uacute;ng ta khi thầy tr&ograve; HLV Park Hang Seo d&ugrave; đứng đầu bảng A nhưng lại chơi kh&ocirc;ng mấy thuyết phục, đặc biệt l&agrave; tr&ecirc;n h&agrave;ng c&ocirc;ng. Khả năng tận dụng cơ hội của c&aacute;c tiền đạo sẽ l&agrave; b&agrave;i to&aacute;n cần phải sớm t&igrave;m ra lời giải d&agrave;nh cho U23 Việt Nam trước một đối thủ lu&ocirc;n chơi đầy kh&oacute; chịu như U23 Malaysia.</p>\r\n', 0, '16529292751.9.jpg'),
(22, 'Từ 1/7 tăng lương tối thiểu vùng, người lao động bớt chút khó khăn', 2, '<p>Việc tăng lương tối thiểu v&ugrave;ng c&oacute; thể được thực hiện từ 1/7 tới. Việc tăng lương sẽ gi&uacute;p người lao động bớt ch&uacute;t kh&oacute; khăn.</p>\r\n', '<p>&Ocirc;ng Ngọ Duy Hiểu, Ph&oacute; Chủ tịch Tổng Li&ecirc;n đo&agrave;n lao động Việt Nam cho biết tại Hội nghị triển khai c&aacute;c nội dung phối hợp thực hiện Nghị quyết 02 của Bộ Ch&iacute;nh trị về &ldquo;Đổi mới tổ chức v&agrave; hoạt động C&ocirc;ng đo&agrave;n trong t&igrave;nh h&igrave;nh mới&rdquo; chiều nay (18/5).</p>\r\n\r\n<p>Tham dự hội nghị c&ugrave;ng Tổng Li&ecirc;n đo&agrave;n lao động c&oacute; Trưởng Ban D&acirc;n vận Trung ương B&ugrave;i Thị Minh Ho&agrave;i.</p>\r\n\r\n<p>B&aacute;o c&aacute;o với l&atilde;nh đạo Ban D&acirc;n vận Trung ương về kết quả hoạt động c&ocirc;ng đo&agrave;n trong thời gian qua, &ocirc;ng Ngọ Duy Hiểu cho biết, c&aacute;c cấp c&ocirc;ng đo&agrave;n trong cả nước đ&atilde; l&agrave;m được nhiều việc lớn.</p>\r\n\r\n<p>Trong đ&oacute; đ&atilde; tập trung chăm lo Tết Nguy&ecirc;n đ&aacute;n cho đo&agrave;n vi&ecirc;n, người lao động, chăm lo đời sống c&ocirc;ng nh&acirc;n, g&oacute;p phần khẳng định, n&acirc;ng cao vị thế, uy t&iacute;n của C&ocirc;ng đo&agrave;n Việt Nam. &nbsp;</p>\r\n', 0, '16529296132.2.jpg'),
(23, 'Hà Nội cấm mang chó mèo, loa công suất lớn vào phố đi bộ hồ Gươm', 2, '<p>H&agrave; Nội cấm mang ch&oacute; m&egrave;o, loa c&ocirc;ng suất lớn v&agrave;o phố đi bộ hồ Gươm</p>\r\n', '<p>Người tham gia kh&ocirc;ng gian đi bộ kh&ocirc;ng mang vật nu&ocirc;i, gia s&uacute;c, gia cầm, trừ c&aacute;c trường hợp được cơ quan c&oacute; thẩm quyền cho ph&eacute;p; kh&ocirc;ng b&aacute;n h&agrave;ng rong, đ&aacute;nh gi&agrave;y, đeo b&aacute;m kh&aacute;ch du lịch; kh&ocirc;ng bơi lội, c&acirc;u, đ&aacute;nh bắt c&aacute; v&agrave; sinh vật kh&aacute;c dưới l&ograve;ng hồ Ho&agrave;n Kiếm; kh&ocirc;ng thực hiện h&agrave;nh vi dẫm, nằm l&ecirc;n thảm cỏ, ghế ngồi; ngắt hoa, tr&egrave;o c&acirc;y, bẻ c&agrave;nh, h&aacute;i quả, chặt hạ, hủy hoại c&acirc;y xanh...</p>\r\n\r\n<p>Ngo&agrave;i ra, kh&ocirc;ng sử dụng c&aacute;c thiết bị, dụng cụ như loa, đ&agrave;i, k&egrave;n, trống để ph&aacute;t t&aacute;n &acirc;m thanh c&ocirc;ng suất lớn ra m&ocirc;i trường. C&aacute;c tổ chức, c&aacute; nh&acirc;n khi mang phương tiện, dụng cụ, thiết bị &acirc;m thanh v&agrave;o trong kh&ocirc;ng gian đi bộ khu vực hồ Ho&agrave;n Kiếm v&agrave; phụ cận để tổ chức hoạt động phải xuất tr&igrave;nh văn bản của cơ quan nh&agrave; nước c&oacute; thẩm quyền cho ph&eacute;p tổ chức hoạt động.</p>\r\n', 0, '16529297022.3.jpg'),
(24, 'Nghị sĩ Mỹ phản đối gói viện trợ cho Ukraine, Kiev tuyên bố chiến tranh kéo dài', 2, '<p>T&ocirc;i nghĩ rằng 40 tỷ USD sẽ nhiều gấp 3 lần những g&igrave; m&agrave; to&agrave;n bộ c&aacute;c nước ch&acirc;u &Acirc;u đ&atilde; đ&oacute;ng g&oacute;p cộng lại, cho một cuộc chiến đang xảy ra tại đ&oacute;. T&ocirc;i lo ngại điều n&agrave;y sẽ tiếp tục cho ph&eacute;p ch&acirc;u &Acirc;u được &lsquo;ăn b&aacute;m&rsquo;&rdquo;, &ocirc;ng Hawley n&oacute;i th&ecirc;m.</p>\r\n', '<p>Theo Thượng nghị sĩ Hawley, nước Mỹ cần tập trung v&agrave;o mối đe dọa tới từ những người nhập cư bất hợp ph&aacute;p, hơn l&agrave; &ldquo;đổ h&agrave;ng tỷ USD v&agrave;o một cuộc chiến v&agrave; l&agrave;m nợ quốc gia của Mỹ tăng l&ecirc;n&rdquo;.</p>\r\n\r\n<p>Theo Fox News, &ocirc;ng Hawley kh&ocirc;ng phải l&agrave; nghị sĩ Cộng h&ograve;a duy nhất c&ocirc;ng khai phản đối g&oacute;i viện trợ qu&acirc;n sự 40 tỷ USD cho ch&iacute;nh quyền Ukraine. Trước đ&oacute;, Thượng nghị sĩ Rand Paul h&ocirc;m 12/5 đ&atilde; chặn dự luật cho ph&eacute;p th&ocirc;ng qua g&oacute;i viện trợ với l&yacute; do &ldquo;kh&ocirc;ng thể cứu gi&uacute;p Ukraine bằng việc hủy hoại nền kinh tế Mỹ&rdquo;</p>\r\n', 0, '16529298412.4.jpg'),
(25, '14 Giáo dụcTin tứcThứ năm, 19/5/2022, 05:00 (GMT+7) Lịch sử được dạy thế nào ở trường học các nước?', 1, '<p>Tại Singapore, Mỹ v&agrave; Australia, Lịch sử l&agrave; m&ocirc;n quan trọng v&agrave; bắt buộc ở c&aacute;c bậc học nền tảng nhưng trở th&agrave;nh m&ocirc;n tự chọn trong giai đoạn định hướng nghề nghiệp.</p>\r\n', '<p>Phan Vũ L&acirc;n hiện l&agrave; sinh vi&ecirc;n năm cuối Đại học C&ocirc;ng nghệ v&agrave; Thiết kế Singapore (SUTD). L&acirc;n học cấp hai tại&nbsp;<strong>Singapore</strong>, sau khi gi&agrave;nh học bổng A*Star năm 2014. Nam sinh cho biết, học sinh ở đ&acirc;y phải thi lấy bằng O level (General Certificate of Education: Ordinary Level) để v&agrave;o trung học phổ th&ocirc;ng. Lịch sử l&agrave; một trong những m&ocirc;n bắt buộc trong O level.</p>\r\n\r\n<p>L&acirc;n cho hay, m&ocirc;n Lịch sử ở đ&acirc;y được học theo kiểu nghị luận, đ&ograve;i hỏi học sinh phải c&oacute; tư duy ph&acirc;n t&iacute;ch v&agrave; đ&aacute;nh gi&aacute;. Gi&aacute;o vi&ecirc;n kh&ocirc;ng đọc từ s&aacute;ch gi&aacute;o khoa m&agrave; sẽ t&oacute;m tắt nội dung b&agrave;i học v&agrave; c&oacute; h&igrave;nh thức Q&amp;A (hỏi v&agrave; trả lời) để học sinh hiểu b&agrave;i s&acirc;u hơn. C&aacute;c em được y&ecirc;u cầu tự nghi&ecirc;n cứu t&agrave;i liệu ở nh&agrave;, c&oacute; thể t&igrave;m hiểu th&ecirc;m từ nhiều nguồn tr&ecirc;n mạng.</p>\r\n', 0, '16529300072.5.jpg'),
(26, 'Nguyên nhân giá sách giáo khoa mới cao hơn 2-3 lần', 1, '<p>Nh&agrave; xuất bản Gi&aacute;o dục Việt Nam chỉ ra nhiều nguy&ecirc;n nh&acirc;n khiến gi&aacute; s&aacute;ch gi&aacute;o khoa mới cao hơn s&aacute;ch cũ.</p>\r\n\r\n<p>Cuối th&aacute;ng 4, Nh&agrave; xuất bản Gi&aacute;o dục Việt Nam c&ocirc;ng bố gi&aacute; s&aacute;ch gi&aacute;o khoa mới lớp 3, 7 v&agrave; 10 ở hai bộ &quot;Kết nối tri thức với cuộc sống&quot; v&agrave; &quot;Ch&acirc;n trời s&aacute;ng tạo&quot;, &aacute;p dụng từ năm học 2022-2023.</p>\r\n', '<p>Theo đ&oacute;, bộ s&aacute;ch lớp 3 c&oacute; gi&aacute; 177.000 đến 183.000 đồng trong khi bộ hiện h&agrave;nh gi&aacute; 58.000. Tương tự, s&aacute;ch lớp 7 gi&aacute; gần 210.000 đồng, cao hơn 80.000. S&aacute;ch lớp 10 gi&aacute; 246.000-301.000 đồng một bộ tuỳ tổ hợp m&ocirc;n học, cao hơn bộ cũ 80.000 đến 140.000. C&aacute;c mức n&agrave;y chưa bao gồm s&aacute;ch tiếng Anh.</p>\r\n\r\n<p>Bộ s&aacute;ch c&ograve;n lại, &quot;C&aacute;nh diều&quot;, do một số nh&agrave; xuất bản c&ugrave;ng C&ocirc;ng ty cổ phần đầu tư xuất bản - thiết bị gi&aacute;o dục Việt Nam li&ecirc;n kết ph&aacute;t h&agrave;nh, cũng c&oacute; gi&aacute; cao tương tự, thậm ch&iacute; cao hơn&nbsp;</p>\r\n', 0, '16529300912.6.png'),
(27, 'Lý do TP HCM tăng học phí', 1, '<p>Đề xuất tăng học ph&iacute; của TP HCM dựa tr&ecirc;n lộ tr&igrave;nh v&agrave; khung quy định của Ch&iacute;nh phủ nhằm gi&uacute;p c&aacute;c trường tăng kinh ph&iacute; hoạt động.</p>\r\n', '<p>Cũng theo Nghị định n&agrave;y, từ năm học 2022-2023, học ph&iacute; sẽ tăng theo khung tr&ecirc;n.&nbsp;C&aacute;c tỉnh, th&agrave;nh được điều chỉnh ph&ugrave; hợp với điều kiện của địa phương (tốc độ tăng chỉ số gi&aacute; ti&ecirc;u d&ugrave;ng, tăng trưởng kinh tế h&agrave;ng năm v&agrave; khả năng chi trả của người d&acirc;n) nhưng kh&ocirc;ng qu&aacute; 7,5%/năm. Hiện mới chỉ ghi nhận TP HCM c&ocirc;ng khai dự thảo mức tăng học ph&iacute; để lấy &yacute; kiến.</p>\r\n', 0, '16529301642.7.jpg');

-- --------------------------------------------------------

--
-- Cấu trúc bảng cho bảng `tbl_slider`
--

CREATE TABLE `tbl_slider` (
  `id` int(11) NOT NULL,
  `img` varchar(500) NOT NULL,
  `info` varchar(500) NOT NULL
) ENGINE=InnoDB DEFAULT CHARSET=utf8;

--
-- Đang đổ dữ liệu cho bảng `tbl_slider`
--

INSERT INTO `tbl_slider` (`id`, `img`, `info`) VALUES
(1, 'slider1.jpg', '<h3>Winter Collection 2017</h3>\r\n                                 \r\n                  <h5>Mens and Womens</h5>'),
(2, 'slider2.jpg', '<h3>Winter Collection 2017</h3>\r\n                                 \r\n                  <h5>Mens and Womens</h5>'),
(3, 'slider3.jpg', '<h3>Winter Collection 2017</h3>\r\n                                 \r\n                  <h5>Mens and Womens</h5>');

-- --------------------------------------------------------

--
-- Cấu trúc bảng cho bảng `tbl_user`
--

CREATE TABLE `tbl_user` (
  `id` int(11) NOT NULL,
  `name` varchar(500) NOT NULL,
  `email` varchar(500) NOT NULL,
  `password` varchar(500) NOT NULL
) ENGINE=InnoDB DEFAULT CHARSET=utf8;

--
-- Đang đổ dữ liệu cho bảng `tbl_user`
--

INSERT INTO `tbl_user` (`id`, `name`, `email`, `password`) VALUES
(1, 'Nguyễn Văn A', 'admin@gmail.com', 'c63502a9048bca49cbb7b15d494b463f'),
(2, 'Nguyễn Văn B', 'admin2@gmail.com', '202cb962ac59075b964b07152d234b70'),
(3, 'Nguyễn Văn C', 'admin3@gmail.com', '202cb962ac59075b964b07152d234b70'),
(4, 'Nguyễn Văn D', 'admin4@gmail.com', '202cb962ac59075b964b07152d234b70'),
(6, 'Nguyễn Văn F', 'nvf@gmail.com', '202cb962ac59075b964b07152d234b70'),
(7, 'Nguyễn Tiến Huy', 'NguyenTienHuy@gmail.com', '1622ee70ad63c6eda5514b4787bc1657');

--
-- Chỉ mục cho các bảng đã đổ
--

--
-- Chỉ mục cho bảng `tbl_category`
--
ALTER TABLE `tbl_category`
  ADD PRIMARY KEY (`id`);

--
-- Chỉ mục cho bảng `tbl_news`
--
ALTER TABLE `tbl_news`
  ADD PRIMARY KEY (`id`);

--
-- Chỉ mục cho bảng `tbl_slider`
--
ALTER TABLE `tbl_slider`
  ADD PRIMARY KEY (`id`);

--
-- Chỉ mục cho bảng `tbl_user`
--
ALTER TABLE `tbl_user`
  ADD PRIMARY KEY (`id`);

--
-- AUTO_INCREMENT cho các bảng đã đổ
--

--
-- AUTO_INCREMENT cho bảng `tbl_category`
--
ALTER TABLE `tbl_category`
  MODIFY `id` int(11) NOT NULL AUTO_INCREMENT, AUTO_INCREMENT=15;

--
-- AUTO_INCREMENT cho bảng `tbl_news`
--
ALTER TABLE `tbl_news`
  MODIFY `id` int(11) NOT NULL AUTO_INCREMENT, AUTO_INCREMENT=28;

--
-- AUTO_INCREMENT cho bảng `tbl_slider`
--
ALTER TABLE `tbl_slider`
  MODIFY `id` int(11) NOT NULL AUTO_INCREMENT, AUTO_INCREMENT=5;

--
-- AUTO_INCREMENT cho bảng `tbl_user`
--
ALTER TABLE `tbl_user`
  MODIFY `id` int(11) NOT NULL AUTO_INCREMENT, AUTO_INCREMENT=8;
COMMIT;

/*!40101 SET CHARACTER_SET_CLIENT=@OLD_CHARACTER_SET_CLIENT */;
/*!40101 SET CHARACTER_SET_RESULTS=@OLD_CHARACTER_SET_RESULTS */;
/*!40101 SET COLLATION_CONNECTION=@OLD_COLLATION_CONNECTION */;
